{"cameraMode":{"drawMode":0,"name":"Shaded","section":"Shading Mode"},"sceneLighting":true,"audioPlay":false,"sceneViewState":{"showFog":true,"showMaterialUpdate":false,"showSkybox":true,"showFlares":true,"showImageEffects":true,"showParticleSystems":true},"in2DMode":false,"pivot":{"x":-68.86615753173828,"y":0.2766234576702118,"z":-74.6947250366211},"rotation":{"x":-0.26828640699386599,"y":-0.6765888333320618,"z":0.29270797967910769,"w":-0.6201387047767639},"size":227.53822326660157,"orthographic":false}